"EMP_ID","EMP_FIRST_NAME","EMP_LAST_NAME","EMP_GENDER","EMP_DATE_BIRTH","EMP_START_DATE","EMP_BRANCH"
140,"Aleece","Holah","F",06-MAY-70,26-APR-10,30010
121,"Winn","Kuhne","M",25-APR-72,23-SEP-09,30010
663,"Leupold","Train","M",20-OCT-77,30-JUN-10,30022
249,"Shelia","Larchier","F",31-DEC-74,30-JUL-12,30020
837,"Annie","Jerche","F",19-JAN-81,09-FEB-11,3007
881,"Cacilia","Pester","F",16-SEP-83,18-JAN-10,3007
843,"Ronica","McAlees","F",22-JUN-79,28-MAY-10,3007
61,"Bobina","Hrihorovich","F",11-MAR-80,26-JAN-10,30011
63,"Valina","Bestwall","F",12-JUN-81,19-DEC-12,30011
445,"Jaynell","Mattedi","F",01-JAN-76,21-MAY-09,3000
440,"Andonis","Muress","M",31-JAN-78,21-AUG-10,3000
438,"Wainwright","Davitt","M",19-APR-70,24-APR-11,3000
20,"Tiphani","Pontefract","F",21-AUG-79,27-FEB-11,30023
116,"Melessa","Farre","F",02-APR-84,23-NOV-12,3008
35,"Madeleine","Ealden","F",21-JUN-83,22-DEC-10,
42,"Valaria","Hedges","F",10-JAN-77,17-DEC-09,30027
650,"Dorine","Tollow","F",18-JUN-84,28-SEP-10,30025
307,"Doroteya","Reeder","F",20-APR-72,20-FEB-12,30016
497,"Chad","McMurray","M",11-MAY-79,23-OCT-12,30026
501,"Augie","Kelinge","M",08-SEP-71,21-DEC-09,30026
292,"Rosy","Jatczak","F",23-NOV-75,29-MAY-10,3009
178,"Eloisa","Kilty","F",15-JUN-78,11-MAR-09,3005
785,"Ki","Falvey","F",11-JUN-75,24-JAN-12,30012
788,"Bill","Worton","F",20-JAN-74,23-FEB-12,30012
754,"Marlee","Niesel","F",13-MAR-82,01-MAR-12,3006
380,"Sigvard","Birckmann","M",26-JUL-83,10-JAN-12,30013
241,"Vivianne","Haggleton","F",26-FEB-78,18-JAN-10,30020
260,"Ailene","Willgrass","F",20-OCT-74,15-FEB-11,30020
849,"Vonny","De Rechter","F",27-FEB-76,15-MAY-10,3007
860,"Cesaro","Baline","M",04-JUL-80,22-FEB-11,3007
819,"Austin","Kinge","F",30-DEC-83,28-SEP-09,3007
444,"Guillaume","Wagge","M",13-JAN-79,08-FEB-12,3000
429,"Goraud","Binnes","M",20-SEP-83,03-JAN-11,3000
6,"Farlay","Chimenti","M",,15-SEP-12,30023
48,"Dukey","Hamnett","M",07-NOV-80,24-MAY-12,30027
418,"Maggie","Trow","F",15-FEB-81,10-FEB-09,30014
641,"Caleb","Edes","M",17-AUG-82,09-JUN-10,30025
657,"Pip","Witherspoon","M",05-SEP-74,25-APR-12,30025
633,"Heidi","Kirlin","F",14-SEP-71,30-JUL-11,30025
299,"Zandra","Prise","F",11-NOV-71,15-OCT-09,3009
156,"Gretta","Faich","F",22-SEP-82,19-SEP-09,3005
798,"Yul","Zanelli","M",23-DEC-84,09-NOV-10,30012
198,"Lettie","Looby","F",15-MAY-72,19-JUN-09,30017
199,"Maynord","Mallall","M",28-DEC-80,29-NOV-11,30017
332,"Louisa","Duchateau","F",,24-AUG-11,30019
604,"Phillipp","Ducroe","M",10-APR-84,12-OCT-11,30018
611,"Niccolo","Gontier","M",02-FEB-80,19-JUL-09,30018
625,"Mahalia","Gouge","F",08-AUG-81,18-FEB-11,30018
609,"Marwin","Guyer","M",17-NOV-79,01-JAN-10,30018
619,"Man","Godon","M",07-APR-80,16-JUN-12,30018
602,"Fernanda","Helleckas","F",13-JUL-78,15-MAR-12,30018
770,"Pebrook","Albrighton","M",17-MAR-82,02-SEP-10,3006
759,"Vasili","Godwyn","M",04-JUL-81,24-OCT-11,3006
127,"Calypso","Franzonetti","F",19-AUG-85,18-FEB-12,30010
478,"Lilyan","Labbet","F",11-SEP-71,30-MAR-11,30015
454,"Dreddy","Caughtry","F",01-APR-79,13-FEB-12,30015
460,"Isa","Hutchens","F",09-OCT-73,10-OCT-09,30015
671,"Kelcie","Clavey","F",26-APR-77,28-JUL-11,30022
666,"Kliment","McCreadie","M",25-SEP-78,30-APR-12,30022
682,"Kali","Plowman","F",19-JUL-71,31-DEC-11,30022
263,"Friederike","Thexton","F",12-JUN-80,03-OCT-11,30020
871,"Jacquette","Khoter","F",14-AUG-81,15-AUG-12,3007
886,"Chick","Whoolehan","M",18-FEB-78,12-JAN-12,3007
64,"Elmo","Chazelas","M",20-MAY-84,23-JAN-12,30011
441,"Robby","Paulsen","F",10-SEP-72,23-FEB-09,3000
595,"Amitie","Pinel","F",04-OCT-81,25-JUN-10,30024
32,"Orelee","Cooch","F",11-SEP-84,12-SEP-11,30027
412,"Noland","Leggin","M",29-MAR-76,04-SEP-09,30014
658,"Noah","Easun","M",04-MAY-79,29-MAR-10,30025
644,"Kaspar","Anstiss","M",13-JAN-74,18-AUG-11,30025
322,"Malachi","Wahner","M",13-APR-75,01-SEP-09,30016
329,"Berne","Gusney","M",09-SEP-79,17-JUL-12,30016
287,"Collin","Kingzett","M",19-NOV-75,08-JUN-10,3009
551,"Candida","Mcwhinnie","F",30-APR-81,06-DEC-09,3001
169,"Tiphany","Franceschelli","F",02-MAR-78,27-JUN-12,3005
151,"Shalne","Cadamy","F",11-DEC-72,18-SEP-11,3005
159,"Marcellus","Stoggles","M",04-JAN-72,16-JAN-12,3005
186,"Tabbie","Goney","M",30-NOV-70,01-SEP-12,30017
351,"Amalie","Aveling","F",30-MAR-74,01-OCT-11,30019
356,"Graham","Janota","M",18-OCT-83,16-DEC-10,30019
343,"Bevvy","Messier","F",27-MAY-82,02-MAR-11,30019
603,"Emili","Fee","F",31-MAY-84,07-JAN-10,30018
762,"Beniamino","Dronsfield","M",01-APR-71,11-JUN-10,3006
237,"Grove","Edgell","M",21-MAY-85,16-JAN-11,3002
233,"Addi","Bute","F",27-MAR-80,09-DEC-10,3002
377,"Bobbie","Patington","F",21-AUG-84,07-SEP-10,30013
365,"Constancia","Ellicott","F",30-MAY-74,18-FEB-09,30013
370,"Lyn","Garlic","F",07-OCT-71,24-DEC-09,30013
382,"Birch","Dundridge","M",18-NOV-74,24-SEP-12,30013
452,"Ronny","Fullard","F",28-OCT-71,02-DEC-10,30015
846,"Doyle","Mowlam","M",09-JUN-84,05-APR-11,3007
865,"Berky","Dalligan","M",01-MAY-74,25-AUG-12,3007
818,"Diahann","Cranke","F",17-OCT-76,26-MAR-11,3007
840,"Kakalina","Robins","F",04-MAY-72,06-NOV-10,3007
891,"Turner","Stearn","M",25-OCT-80,19-JAN-11,3007
421,"Corey","Roaf","F",21-AUG-83,22-MAR-12,3000
22,"Abigale","Meller","F",20-MAY-77,08-DEC-11,30023
91,"Padraic","Whitfeld","M",20-JUN-85,09-MAR-09,3008
655,"Amerigo","Rushby","M",07-AUG-75,04-JUN-11,30025
313,"Jabez","Dockwra","M",30-DEC-73,24-APR-12,30016
502,"Aleksandr","Yushmanov","M",23-MAR-74,13-OCT-10,30026
291,"Jimmie","Atkirk","M",27-JUN-79,03-DEC-09,3009
179,"Natal","Fulleylove","M",20-MAY-76,27-JUL-09,3005
172,"Sara-ann","Damrell","F",29-JUN-75,15-JUN-10,3005
786,"Alaster","Annand","M",09-FEB-78,09-JUL-11,30012
810,"Bernie","MacCartney","M",25-FEB-70,27-MAR-11,30012
202,"Carlen","Fibbitts","F",05-JUN-81,11-MAY-12,30017
626,"Tarrance","Lagden","M",01-MAR-85,04-JUN-11,30018
621,"Hortense","Edess","F",02-MAR-83,01-DEC-11,30018
220,"Sherlocke","Burgett","M",13-AUG-85,26-AUG-10,3002
125,"Anjela","Cudiff","F",08-NOV-77,15-MAR-10,30010
463,"Paten","Klessmann","M",12-MAY-71,25-JUN-11,30015
462,"Brittany","Attawell","F",05-SEP-73,30-SEP-09,30015
708,"Hamel","Hartzenberg","M",13-DEC-84,04-MAY-10,3004
243,"Rodolfo","Dominicacci","M",29-JUL-76,24-FEB-12,30020
248,"Paolo","Amber","M",26-FEB-71,07-JUL-10,30020
890,"Archy","Keuning","M",07-DEC-82,15-AUG-11,3007
75,"Cybill","Feldberger","F",07-SEP-83,20-SEP-12,30011
433,"Rickert","Laurencot","M",26-JAN-84,24-AUG-09,3000
8,"Jessie","Tanser","F",24-JAN-72,14-AUG-12,
21,"Heather","Mattioli","F",18-JUL-79,08-DEC-09,30023
402,"Goldi","Runnett","F",17-DEC-80,16-NOV-11,30014
648,"Nita","Mallatratt","F",07-SEP-71,28-JAN-12,30025
323,"Lesly","Arlet","F",18-MAR-73,11-DEC-10,30016
321,"Emmi","Seys","F",22-NOV-76,07-DEC-11,30016
315,"Prudi","Farryan","F",04-AUG-78,14-NOV-12,30016
290,"Fernanda","Berrecloth","F",18-JAN-78,02-JUN-10,3009
274,"Janelle","Crose","F",29-JUL-83,02-SEP-12,3009
789,"Hughie","Beddoes","M",28-JUN-83,13-MAR-09,30012
336,"Harcourt","Hamby","M",31-OCT-84,25-MAR-11,30019
352,"Libby","Clericoates","F",20-OCT-82,25-MAY-09,30019
615,"Jelene","Outlaw","F",23-DEC-78,06-SEP-10,30018
222,"Grantham","Klais","M",30-AUG-79,25-NOV-10,3002
533,"Annabell","Pratty","F",05-JAN-84,24-AUG-12,3003
128,"Irv","Frean","M",16-JUL-74,03-SEP-12,30010
475,"Bryon","Pragnell","M",25-FEB-79,14-MAR-12,30015
707,"Dar","Wilding","M",22-DEC-84,09-DEC-09,3004
715,"Reena","Van Brug","F",06-SEP-85,03-APR-09,3004
677,"Tiphani","Beacock","F",19-MAR-73,18-JUL-10,30022
885,"Jarad","Knath","M",04-JUL-80,22-APR-12,3007
854,"Vittoria","Bortolozzi","F",09-NOV-85,19-APR-10,3007
830,"Edy","Andresser","F",26-FEB-80,25-SEP-09,3007
828,"Krista","Inder","F",21-APR-78,01-AUG-12,3007
820,"Clementius","Fallowes","M",03-JAN-71,06-JUN-11,3007
825,"Larissa","Swaysland","F",03-JUL-71,18-MAR-11,3007
847,"Barrett","Capineer","M",27-NOV-73,08-JUN-09,3007
82,"Rosanna","Rennock","F",27-MAY-70,20-OCT-09,30011
427,"Rachelle","McCarle","F",06-AUG-79,02-FEB-12,3000
10,"Lorant","Mathelin","M",31-JUL-84,12-SEP-12,30023
590,"Chicky","Loghan","M",10-AUG-85,27-NOV-10,30024
401,"Puff","Copestake","M",11-AUG-82,18-MAR-09,30014
645,"Dur","Huckerby","M",03-FEB-73,03-DEC-12,30025
310,"Fanni","Babbs","F",01-JAN-80,30-DEC-10,30016
271,"Deidre","Brosoli","F",04-NOV-75,13-DEC-09,3009
277,"Nataline","Elcum","F",13-DEC-81,07-NOV-09,3009
282,"Antony","McRuvie","M",28-SEP-80,04-JUL-11,3009
176,"Pat","Bower","M",05-AUG-74,26-NOV-09,3005
781,"Ariel","Dell'Abbate","M",04-JAN-76,08-MAY-09,30012
354,"Aymer","Zambon","M",02-NOV-81,22-FEB-11,30019
213,"Cathleen","Bartholomew","F",09-FEB-74,09-NOV-11,3002
226,"Friedrich","Kensy","M",09-NOV-81,21-MAY-12,3002
378,"Royce","Le feaver","M",23-FEB-81,06-JAN-11,30013
536,"Brocky","Westpfel","M",21-SEP-70,13-AUG-10,3003
695,"Ede","Kaine","F",06-FEB-76,22-FEB-09,3004
877,"Odelinda","Domb","F",14-MAR-74,17-APR-11,3007
863,"Colette","Scrowton","F",15-MAY-78,03-MAY-12,3007
859,"Marabel","MacGinlay","F",19-FEB-78,19-JUL-09,3007
836,"Suzann","Ife","F",17-FEB-84,22-OCT-09,3007
841,"Bran","Birkett","M",05-OCT-79,15-JAN-12,3007
79,"Pincus","Fayne","M",09-JUL-77,10-DEC-10,30011
71,"Owen","Durrand","M",11-MAR-82,10-JUL-11,30011
76,"Dorothea","Trethewey","F",03-JUL-71,30-JUL-12,30011
112,"Micki","Sukbhans","F",17-APR-77,16-SEP-11,3008
93,"Waldo","Mouget","M",22-MAR-74,12-JAN-12,3008
572,"Mortie","Stebbings","M",12-JUN-85,01-JUN-11,30024
52,"Penny","Keaysell","F",02-AUG-83,12-MAY-11,30027
328,"Francklyn","Chafer","M",06-JUL-71,27-SEP-09,30016
309,"Sigmund","Fesby","M",27-AUG-80,19-DEC-10,30016
298,"Packston","Garrad","M",26-JUN-77,08-MAR-12,3009
555,"Berke","Boothby","M",04-MAR-73,18-DEC-12,3001
541,"Stanford","Sircomb","M",08-SEP-83,26-FEB-10,3001
567,"Orella","Streader","F",11-FEB-85,16-DEC-10,3001
163,"Gayelord","Lovart","M",03-MAR-83,29-JUL-12,3005
209,"Ritchie","Emblen","M",09-OCT-78,20-JUN-12,30017
350,"Paolo","Giffen","M",24-FEB-79,27-DEC-10,30019
358,"Cody","Mitchelmore","M",29-OCT-77,17-MAY-09,30019
765,"Marci","Boone","F",08-FEB-82,05-DEC-09,3006
529,"Jan","Corgenvin","M",16-MAY-80,05-APR-10,3003
457,"Cornall","Lockney","M",21-MAY-81,18-APR-11,30015
476,"Carlee","Garken","F",16-MAR-71,03-APR-11,30015
703,"Lynn","Cackett","F",08-DEC-73,13-FEB-11,3004
698,"Camella","Dyos","F",11-DEC-75,10-DEC-09,3004
668,"Dacie","Halligan","F",03-MAY-74,07-JUN-10,30022
832,"Will","Roget","M",28-JUN-76,29-NOV-12,3007
448,"Emlyn","Kitcherside","M",08-SEP-76,18-NOV-09,3000
26,"Keefe","Simm","M",19-MAR-81,20-JUL-12,30023
29,"Renaud","Orrill","M",18-FEB-77,11-APR-11,30023
111,"Berna","Lennarde","F",18-AUG-82,25-MAR-10,3008
108,"Howard","Macken","M",02-AUG-84,11-NOV-11,3008
582,"Raychel","Drivers","F",24-SEP-83,21-DEC-12,30024
41,"Mirilla","Stennett","F",17-NOV-73,24-JUL-10,30027
639,"Curtice","Garrettson","M",15-MAR-71,03-SEP-10,30025
324,"Marsiella","Peachey","F",08-JUN-73,28-JAN-09,30016
312,"Elsinore","Cranefield","F",20-APR-70,09-NOV-11,30016
490,"Jolene","Trewhella","F",09-NOV-80,04-NOV-10,30026
492,"Elie","Kensy","F",29-JAN-82,26-MAY-11,30026
293,"Solomon","Lamb-shine","M",12-JAN-82,08-NOV-11,3009
295,"Brynne","McNelis","F",15-NOV-84,31-OCT-12,3009
548,"Kayle","Scholig","F",16-SEP-70,12-DEC-10,3001
794,"Stormy","Kybert","F",14-JUL-76,12-APR-12,30012
205,"Kathrine","Danzelman","F",10-JUN-83,07-AUG-11,30017
207,"Gordie","Horlock","M",22-OCT-78,10-AUG-11,30017
340,"Regan","Crenage","M",05-FEB-70,13-MAY-09,30019
349,"Tiffy","Danneil","F",,25-SEP-12,30019
614,"Marnia","Huegett","F",20-OCT-75,09-JAN-10,30018
516,"Sheela","Greenley","F",08-DEC-73,23-DEC-12,3003
137,"Verla","Mellenby","F",20-FEB-85,23-APR-12,30010
136,"Lauraine","Millichap","F",22-AUG-77,11-OCT-10,30010
670,"Huberto","Lodin","M",12-NOV-72,01-AUG-10,30022
816,"Percy","Pointing","M",30-JUL-70,02-MAR-11,3007
895,"Tuckie","Cunnow","M",22-JUL-81,02-MAY-11,3007
880,"Kelsey","Goodyer","M",26-MAR-76,12-JUL-12,3007
879,"Tracee","Joe","F",28-MAY-82,09-NOV-09,3007
853,"Lutero","Semrad","M",30-MAR-77,16-FEB-11,3007
11,"Leanna","Lamar","F",14-JAN-75,10-MAY-11,30023
37,"Darda","Kennard","F",17-JUN-84,16-DEC-12,30027
499,"Carin","Perone","F",28-DEC-76,19-AUG-09,30026
273,"Peirce","Antoniazzi","M",16-APR-81,08-JUN-12,3009
294,"Evyn","Masson","M",03-AUG-81,29-MAY-11,3009
564,"Richmond","Lambarton","M",04-MAR-77,10-OCT-11,3001
560,"Brendan","Dawidowitsch","M",05-JAN-76,05-SEP-10,3001
559,"Bertram","Ferns","M",28-DEC-74,17-AUG-12,3001
174,"Tiff","Tunnacliffe","F",06-FEB-78,29-JAN-11,3005
792,"Breena","Corain","F",13-DEC-83,18-FEB-11,30012
355,"Eadith","Ridding","F",08-NOV-70,19-DEC-10,30019
777,"Talia","Mingame","F",11-JUN-75,09-FEB-12,3006
751,"Rose","Duckett","F",30-JAN-70,05-MAR-11,3006
771,"Garth","Flear","M",04-AUG-79,22-MAY-12,3006
372,"Lucho","Kropp","M",11-NOV-77,02-NOV-09,30013
134,"Kiley","Stedmond","F",16-OCT-77,30-MAR-10,30010
713,"Nero","Kerner","M",16-SEP-70,29-JUN-12,3004
710,"Neill","Tow","M",10-JUN-74,04-AUG-10,3004
718,"Aline","Axell","F",09-MAR-71,08-APR-12,3004
683,"Fitzgerald","Stockton","M",29-JUL-77,21-DEC-11,30022
258,"Clarice","Costigan","F",07-DEC-83,13-AUG-10,30020
817,"Henderson","Barefoot","M",21-DEC-73,08-AUG-10,3007
856,"Alessandra","MacKnight","F",13-FEB-81,17-NOV-10,3007
862,"Mohandis","Kupka","M",10-SEP-85,08-FEB-09,3007
900,"Kevin","Cubbit","M",28-MAY-80,15-FEB-09,3007
426,"Shamus","Crissil","M",05-FEB-74,11-MAR-12,3000
7,"Merline","Bukac","F",16-OCT-76,15-DEC-11,30023
104,"Maxy","McNeice","M",15-SEP-74,16-JUL-09,3008
574,"Parsifal","Cosans","M",14-DEC-78,27-DEC-11,30024
599,"Aurea","Mehmet","F",16-OCT-78,05-AUG-10,30024
575,"Giff","Woodnutt","M",25-MAR-78,30-JUN-09,30024
15,"Antone","Philliskirk","M",10-APR-82,05-SEP-10,30023
415,"Gypsy","Gierhard","F",09-MAY-75,26-FEB-09,30014
411,"Ginelle","Dybbe","F",28-MAY-81,24-SEP-11,30014
161,"Etienne","Burberry","M",03-NOV-76,29-JAN-09,3005
154,"Quintana","Skryne","F",24-JAN-74,14-NOV-10,3005
807,"Gianina","Sancho","F",08-MAY-76,12-SEP-09,30012
160,"Reyna","Brabban","F",21-MAY-82,08-AUG-11,3005
761,"Stanislaus","Fleckness","M",22-MAY-81,18-DEC-10,3006
228,"Risa","Awde","F",22-MAR-71,10-APR-10,3002
518,"Alysa","Olczyk","F",20-FEB-74,14-JAN-11,3003
696,"Bernardina","Danovich","F",09-MAY-76,08-SEP-09,3004
702,"Ketti","Irving","F",26-MAR-79,09-SEP-09,3004
697,"Brigid","Tregoning","F",28-NOV-82,05-OCT-09,3004
246,"Meredith","Pengilly","M",17-AUG-83,24-SEP-12,30020
858,"Fitz","La Batie","M",14-AUG-83,07-NOV-10,3007
812,"Briggs","Steade","M",12-APR-70,19-JUN-10,3007
435,"Vanny","Ivermee","F",02-JAN-79,06-AUG-11,3000
1,"","Gayther","M",20-AUG-80,10-DEC-12,30023
94,"Ezri","Dudbridge","M",23-JUL-78,29-FEB-12,3008
118,"Sully","Semeradova","M",25-JUL-78,04-JUN-10,3008
102,"Forster","Anglish","M",08-AUG-71,30-APR-11,3008
98,"Hilliard","Sandham","M",28-JUL-74,04-AUG-11,3008
103,"Dino","Esson","M",02-MAR-77,11-JUL-09,3008
101,"Lucian","Clever","M",16-MAR-85,24-JUN-10,3008
578,"Imelda","Habden","F",23-JAN-79,01-JUL-09,30024
585,"Garvin","Batchan","M",30-JUL-75,26-SEP-12,30024
571,"Willette","Dunckley","F",06-AUG-83,01-JAN-10,30024
56,"De","Shurmore","F",,06-APR-11,30027
34,"Arman","Culwen","M",24-APR-83,18-NOV-10,30027
60,"Rori","Kinsett","F",22-APR-84,15-JAN-10,30027
420,"Freda","Jerrems","F",23-JUN-74,22-FEB-10,30014
400,"Quillan","Beddoe","M",10-MAY-78,26-MAR-12,30014
660,"Sampson","Balcon","M",31-OCT-76,19-SEP-10,30025
326,"Aldwin","Leitche","M",09-JUN-72,07-APR-10,30016
506,"Joana","Kincade","F",13-AUG-79,03-OCT-12,30026
300,"Mariel","Bramall","F",19-DEC-82,24-AUG-11,3009
543,"Clay","Mazillius","M",12-JUN-82,07-NOV-10,3001
544,"Jock","Mattedi","M",18-MAY-78,18-DEC-10,3001
563,"Stormy","Culpan","F",18-DEC-82,05-DEC-12,3001
170,"Susie","Maceur","F",25-APR-78,02-JUL-10,3005
167,"Corby","Wride","M",26-SEP-80,16-MAY-12,3005
184,"Georgina","Bigadike","F",22-SEP-77,04-MAR-09,30017
193,"Ingunna","Clemens","F",21-AUG-71,10-NOV-09,30017
339,"Deane","Hatry","M",08-MAR-83,16-APR-09,30019
607,"Patrizio","Harse","M",30-MAY-71,11-SEP-09,30018
605,"Emmett","Whitbread","M",02-JUL-82,06-OCT-11,30018
629,"Homer","Kollatsch","M",02-OCT-72,22-NOV-10,30018
232,"Dennis","Dillon","M",17-JUL-78,27-JUL-11,3002
131,"Linnie","Klimashevich","F",10-SEP-71,05-JUL-12,30010
455,"Johnnie","Baldery","M",30-MAR-80,26-SEP-12,30015
720,"Otho","Brecknock","M",06-APR-72,01-APR-11,3004
255,"Lindsey","Leedal","M",26-MAY-81,26-APR-12,30020
265,"Andros","Korneev","M",16-JUN-78,16-AUG-11,30020
855,"Gerta","Phipps","F",10-NOV-76,06-APR-09,3007
827,"Giorgi","Battyll","M",27-SEP-84,18-MAR-09,3007
882,"Kati","Rusling","F",27-MAR-80,29-AUG-11,3007
869,"Nilson","Hammelberg","M",23-MAY-78,28-DEC-11,3007
73,"Sarine","Thieme","F",23-DEC-74,11-NOV-10,30011
66,"Thoma","Fenech","M",05-APR-82,11-DEC-12,30011
425,"Sanson","Snellman","M",30-JAN-80,15-JUL-11,3000
581,"Abeu","Game","M",14-NOV-83,25-SEP-09,30024
45,"Renato","Iddens","M",21-APR-77,13-OCT-10,30027
53,"Cletis","Forte","M",28-APR-78,09-AUG-11,30027
685,"Hope","Olifaunt","F",02-AUG-83,30-NOV-09,30022
632,"Everett","Kleeman","M",19-OCT-82,16-FEB-12,30025
656,"Othilia","Patria","F",18-OCT-80,06-FEB-09,30025
643,"Bevin","Trayford","M",27-OCT-84,16-JUN-10,30025
638,"Sanson","Kliemann","M",10-APR-72,02-MAY-12,30025
203,"Calhoun","Ivanov","M",15-SEP-79,09-APR-09,30017
618,"Shae","Dabnor","M",13-DEC-81,24-AUG-10,30018
766,"Sibilla","Whitmore","F",29-AUG-76,20-MAY-11,3006
362,"Ebenezer","Lusk","M",08-OCT-75,29-MAY-11,30013
514,"Samson","Ivan","M",06-APR-83,16-MAR-09,3003
519,"Wittie","Peevor","M",15-AUG-84,08-JUL-11,3003
540,"Elora","Vannuccini","F",10-MAY-75,15-JAN-11,3003
467,"Mendie","Dowd","M",06-JUN-72,06-AUG-11,30015
690,"Sammy","Mattingson","M",20-AUG-73,26-MAY-12,30022
829,"Sissie","Wallentin","F",29-APR-82,27-OCT-09,3007
842,"Daisey","Kondrachenko","F",07-MAR-84,24-JUL-09,3007
68,"Arni","McKern","M",25-OCT-78,02-FEB-09,30011
86,"Emelyne","Curless","F",27-FEB-78,11-OCT-11,30011
423,"Dwayne","Manshaw","M",15-JUN-83,11-AUG-10,3000
431,"Gerik","Mancell","M",14-JUN-83,18-JAN-09,3000
449,"Dena","Giannini","F",25-MAR-83,15-MAR-10,3000
9,"Maisey","Eyrl","F",06-OCT-82,11-APR-10,30023
18,"Cara","Gourlay","F",21-SEP-84,12-JAN-12,30023
99,"Ancell","Pounsett","M",16-JUN-80,17-JUL-10,3008
600,"Liana","Morgen","F",26-JAN-73,08-OCT-12,30024
55,"Bertie","Josham","M",16-MAY-73,02-FEB-11,30027
49,"Karmen","Morewood","F",01-MAY-71,13-JUN-11,30027
397,"Kristian","Garthside","M",20-MAY-83,02-MAY-12,30014
635,"Flint","Maultby","M",26-APR-85,07-DEC-12,30025
504,"Cynthia","Dougharty","F",21-APR-79,28-AUG-12,30026
505,"Niven","Dedenham","M",17-DEC-83,13-JAN-12,30026
280,"Doralynn","Drinkhill","F",23-OCT-77,26-MAY-11,3009
554,"Alric","Robardey","M",22-SEP-71,20-JUN-10,3001
796,"Ogdon","Sillars","M",02-AUG-73,17-MAR-12,30012
790,"Jamil","Rimour","M",24-JAN-74,07-JAN-11,30012
803,"Andris","Bahls","M",24-SEP-74,19-JUL-11,30012
348,"Sutton","Mendonca","M",11-APR-81,23-APR-09,30019
225,"Kaela","Davidescu","F",22-MAY-72,07-MAR-11,3002
531,"Marget","Waryk","F",17-SEP-71,18-DEC-11,3003
123,"Phyllys","Lickess","F",06-SEP-78,11-NOV-11,30010
459,"Meagan","Ellinor","F",10-MAY-80,18-DEC-09,30015
474,"Stinky","Capoun","M",15-DEC-73,26-JUL-12,30015
688,"Karoly","McNeilley","F",12-AUG-74,22-MAY-11,30022
254,"Karie","Stanion","F",15-JUN-77,22-JUN-10,30020
815,"Verile","Goldby","F",27-FEB-84,07-FEB-10,3007
439,"Karlan","Morde","M",25-JUL-84,01-JUN-12,3000
24,"Elnar","Gronav","M",25-JUL-71,19-JAN-11,30023
106,"Ileane","Faughnan","F",20-OCT-73,08-JAN-12,3008
113,"Maurizia","Taborre","F",26-NOV-85,18-JAN-12,3008
58,"Elsie","Masurel","F",10-JUN-79,07-APR-10,30027
672,"Shirl","Scothron","F",06-FEB-77,27-MAR-09,30022
407,"Ericka","Letcher","F",22-NOV-82,12-JUN-11,30014
508,"Had","Ronchka","M",12-MAR-79,19-AUG-11,30026
296,"Haley","Hughman","F",06-APR-83,03-JUL-12,3009
546,"Lenka","FitzGeorge","F",18-JUN-71,03-JUL-10,3001
164,"Karlan","Shoebridge","M",20-JAN-77,24-DEC-10,3005
162,"Elisabetta","Janssens","F",16-SEP-82,19-APR-11,3005
153,"Jorry","Molineaux","F",07-JUN-78,24-SEP-10,3005
333,"Celestina","Frier","F",05-OCT-77,20-JUN-09,30019
331,"Gaylor","Nobles","M",22-JAN-85,28-MAR-12,30019
616,"Guntar","Bushel","M",29-MAR-83,30-SEP-09,30018
361,"Rutter","Ethelston","M",31-MAR-75,23-JUL-09,30013
138,"Heather","Jesson","F",11-DEC-76,20-JAN-10,30010
143,"Aleta","Fishley","F",06-DEC-70,20-SEP-10,30010
464,"Arvin","Tabert","M",26-APR-78,13-FEB-09,30015
693,"Brewer","Pesselt","M",23-OCT-77,15-JAN-12,3004
712,"Egan","Roels","M",25-DEC-77,20-AUG-12,3004
259,"Hester","Van Weedenburg","F",21-JUN-75,19-AUG-11,30020
822,"Randolph","Chese","M",18-APR-85,05-JAN-10,3007
873,"Fanchon","Losano","F",31-MAR-85,18-APR-11,3007
897,"Ingamar","Malacrida","M",04-OCT-71,09-FEB-11,3007
870,"Kilian","Beccera","M",13-JAN-80,20-DEC-12,3007
883,"Geordie","Lonie","M",07-AUG-83,28-DEC-09,3007
866,"Aila","Odney","F",06-FEB-82,10-DEC-09,3007
88,"Kathlin","Enterle","F",20-APR-80,03-JUL-09,30011
2,"Elbertine","Pieche","F",01-MAY-80,22-FEB-12,30023
92,"Gifford","Zimmerman","M",10-JUN-70,14-AUG-12,3008
597,"Cybill","Levesque","F",19-SEP-82,25-JUL-09,30024
395,"Roma","Bothwell","M",27-SEP-83,28-JUN-10,30014
318,"Nahum","McKernon","M",20-NOV-85,02-SEP-09,30016
483,"Kerwin","Spillman","M",18-OCT-82,26-OCT-10,30026
297,"Lelia","Slateford","F",19-MAR-71,18-JUL-12,3009
177,"Cordelia","Barabisch","F",30-APR-82,19-JUL-12,3005
802,"Danny","Uttley","F",20-NOV-80,25-NOV-11,30012
768,"Brinn","Cooke","F",25-MAY-73,19-JUL-12,3006
753,"Ninnette","Burfitt","F",08-NOV-70,25-APR-09,3006
221,"Harmonia","Frodsam","F",10-MAR-75,31-JAN-12,3002
229,"Ciro","Folbigg","M",02-JUL-81,12-OCT-12,3002
240,"Keene","Kyne","M",17-DEC-84,19-JAN-09,3002
236,"Kris","Bengoechea","M",17-MAY-72,09-OCT-09,3002
364,"Redd","Sumpner","M",05-MAR-72,17-AUG-11,30013
363,"Arin","Marchello","M",12-DEC-81,02-MAY-10,30013
146,"Sigfried","Coultard","M",10-APR-83,19-SEP-11,30010
453,"Gabey","Grierson","F",16-AUG-84,20-MAR-12,30015
451,"Demetria","Portwaine","F",18-MAR-76,08-APR-10,30015
706,"Vittorio","Gibbon","M",18-FEB-72,17-DEC-11,3004
705,"Wernher","Southcoat","M",19-NOV-78,11-AUG-09,3004
678,"Kele","Oehme","M",14-DEC-70,27-JUN-09,30022
244,"Emmalynne","Theodoris","F",16-NOV-82,18-APR-10,30020
266,"Brenda","Horbath","F",17-AUG-84,13-JAN-10,30020
889,"Lory","Perrott","F",15-SEP-78,08-JUN-11,3007
899,"Joellyn","Juschka","F",14-JAN-74,09-NOV-11,3007
446,"Lydia","Connell","F",01-DEC-76,10-DEC-11,3000
434,"Saunders","Greenslade","M",19-AUG-84,05-FEB-11,3000
16,"Herve","Hancorn","M",01-SEP-84,10-MAR-09,30023
107,"Lusa","Wenban","F",09-JUN-72,02-JUN-12,3008
57,"Marmaduke","Roughley","M",29-JAN-71,28-OCT-10,30027
59,"Dael","Orcas","F",18-JAN-75,24-JUL-10,30027
392,"Bartholomeo","De Cristoforo","M",08-JUL-81,01-SEP-10,30014
419,"Byran","Coxwell","M",04-OCT-78,22-MAY-10,30014
631,"Fancy","Greenshiels","F",02-SEP-78,30-MAY-10,30025
646,"Leonidas","Davidowsky","M",29-MAR-81,21-JUN-12,30025
498,"Ernesta","Biset","F",24-DEC-74,24-MAR-11,30026
289,"Pet","Salle","F",20-AUG-73,20-NOV-12,3009
283,"Melonie","Hovee","F",14-MAY-70,06-JAN-10,3009
549,"Sylas","Leghorn","M",21-JUN-75,10-JUL-10,3001
166,"Archibald","Jahnke","M",12-FEB-81,12-DEC-12,3005
804,"Giffard","Baggelley","M",04-APR-75,11-SEP-11,30012
208,"Marcie","Lindfors","F",24-JUN-74,12-MAR-12,30017
341,"Sonnie","Hollidge","M",03-APR-71,11-MAR-11,30019
334,"Nadya","Cannan","F",09-JUL-78,10-FEB-10,30019
359,"Waylin","Victoria","M",16-SEP-72,14-MAR-12,30019
617,"Farly","Busch","M",04-JAN-72,28-FEB-09,30018
776,"Bartlet","Itzkovwitch","M",17-NOV-76,19-SEP-09,3006
212,"Ursola","McSperron","F",15-MAR-79,28-MAY-09,3002
526,"Lari","Looney","F",28-DEC-79,15-SEP-12,3003
852,"Glenn","Pfaffe","M",03-APR-75,14-FEB-10,3007
850,"Kimbell","Maffucci","M",28-SEP-84,29-MAY-09,3007
428,"Vera","Eede","F",27-OCT-76,29-JUL-11,3000
120,"Ivett","Robberts","F",08-MAR-73,12-SEP-10,3008
46,"Leora","Tompion","F",21-APR-83,22-DEC-12,30027
669,"Pavlov","Dummer","M",21-DEC-70,28-MAY-11,30022
33,"Pansie","Smallman","F",19-AUG-77,26-MAR-09,30027
414,"Ezekiel","Rilston","M",17-NOV-80,03-MAR-09,30014
404,"Aurelea","Danilovich","F",25-FEB-74,20-AUG-12,30014
634,"Hiram","Coppin","M",12-JUL-79,26-SEP-12,30025
509,"Rosamund","Neubigin","F",12-DEC-72,13-DEC-11,30026
797,"Ingar","Saipy","M",17-AUG-73,02-FEB-09,30012
622,"Andree","Fairclough","F",10-FEB-81,22-FEB-10,30018
773,"Leonanie","Porker","F",26-NOV-72,24-DEC-12,3006
376,"Andy","Klaussen","F",21-AUG-78,04-OCT-10,30013
763,"Arthur","Brahams","M",28-MAR-71,27-SEP-09,3006
145,"Ddene","Gaukroger","F",02-JUL-83,13-OCT-10,30010
144,"Garth","Burland","M",01-DEC-70,17-APR-11,30010
676,"Romonda","Reede","F",14-NOV-81,31-JUL-10,30022
675,"Thadeus","Divver","M",12-SEP-77,04-MAY-09,30022
681,"Frederic","Kells","M",27-NOV-76,02-NOV-09,30022
844,"Esteban","Lewson","M",22-MAR-79,04-DEC-11,3007
884,"Allard","Goldby","M",29-SEP-71,24-NOV-11,3007
848,"Amity","Mewburn","F",11-OCT-79,07-AUG-11,3007
69,"Land","Goatman","M",27-OCT-74,21-APR-10,30011
90,"Justis","Loomes","M",30-NOV-82,24-FEB-11,30011
447,"Ashlan","Towsie","F",11-MAR-81,04-JAN-12,3000
25,"Mab","Wickett","F",31-MAR-71,02-JUL-09,30023
100,"Neysa","Bleue","F",02-AUG-76,07-MAY-09,3008
117,"Puff","Toffanini","M",28-SEP-80,06-OCT-12,3008
588,"Simeon","Kezar","M",16-NOV-74,24-SEP-10,30024
39,"Morty","Kilty","M",02-MAR-82,08-FEB-09,30027
43,"Almire","Mosen","F",30-APR-80,30-DEC-11,30027
396,"Marilin","Vaneschi","F",20-MAY-75,08-SEP-10,30014
654,"Malva","Logue","F",10-JAN-84,06-AUG-12,30025
481,"Briana","Glozman","F",24-OCT-83,06-OCT-10,30026
275,"Cassie","Darrigoe","M",26-DEC-84,29-JUN-12,3009
561,"Gussi","Strathern","F",01-SEP-78,29-JUN-12,3001
565,"Livy","Tame","F",29-JUN-83,29-MAR-11,3001
204,"Wilow","Eldin","F",10-JUL-71,07-NOV-11,30017
360,"Skip","Clarae","M",19-DEC-72,23-OCT-10,30019
623,"Brynna","Aronsohn","F",11-DEC-84,26-OCT-09,30018
760,"Alan","Attwell","M",18-JAN-73,06-APR-10,3006
764,"Torry","Gheorghescu","M",05-APR-84,18-MAR-10,3006
214,"Norman","Pardey","M",07-AUG-78,05-JAN-11,3002
130,"Florentia","Kaines","F",11-SEP-72,19-MAY-11,30010
472,"Sim","Bowick","M",13-FEB-83,29-OCT-12,30015
719,"Silvan","Radenhurst","M",21-FEB-78,27-AUG-09,3004
267,"Margarethe","Marzelo","F",20-JUL-81,18-DEC-09,30020
898,"Gerladina","Senton","F",14-NOV-77,06-FEB-12,3007
72,"Austine","Vinsen","F",29-FEB-76,12-DEC-09,30011
437,"Simon","Goeff","M",21-FEB-77,07-JUN-12,3000
4,"Debby","Brosnan","F",20-AUG-85,12-JAN-11,30023
96,"Cassaundra","Huonic","F",27-JUN-73,16-NOV-12,3008
577,"Arte","Giuroni","M",26-AUG-82,02-AUG-11,30024
594,"Dexter","Spincke","M",15-APR-81,11-NOV-12,30024
38,"Ania","Choat","F",11-DEC-77,14-FEB-09,30027
50,"Lurline","Archbould","F",04-FEB-79,15-MAY-10,30027
652,"Edwina","Bestwall","F",28-JUN-80,22-APR-09,30025
183,"Lanae","Hardwell","F",08-OCT-73,16-NOV-12,30017
357,"Sarina","Elintune","F",19-MAY-82,26-SEP-09,30019
537,"Keene","Hanlin","M",10-MAY-79,29-MAY-12,3003
139,"Letti","Spoure","F",02-AUG-75,23-OCT-09,30010
477,"Rose","Merriton","F",20-DEC-79,17-DEC-12,30015
480,"Arlette","Fishpond","F",08-JAN-80,04-DEC-09,30015
269,"Ripley","Aspel","M",05-NOV-74,19-MAY-12,30020
247,"Emmalyn","Wallace","F",01-MAR-72,17-JUL-11,30020
834,"Graeme","Ivanaev","M",17-JUN-76,04-MAR-09,3007
876,"Isa","Fireman","F",17-AUG-81,07-JUL-11,3007
813,"Hew","Shutler","M",17-JAN-80,17-DEC-10,3007
62,"Nil","Adnett","M",27-FEB-85,10-APR-12,30011
424,"Waylen","McGarrahan","M",24-SEP-80,02-JAN-11,3000
30,"Charlena","Nuscha","F",14-OCT-71,06-JUN-12,30023
119,"Matilde","Elcoux","F",08-OCT-77,24-JAN-09,3008
579,"Nancie","Feldbaum","F",02-OCT-81,09-MAY-09,30024
409,"Roz","Slaney","F",16-JAN-80,06-MAY-11,30014
406,"Melisenda","Lampett","F",19-JUN-83,20-OCT-12,30014
416,"Ines","Bowskill","F",25-OCT-75,25-DEC-09,30014
316,"Lanae","Wellington","F",02-AUG-81,19-JAN-11,30016
319,"Sher","Guise","F",04-SEP-72,27-AUG-12,30016
302,"Woodie","Roofe","M",10-DEC-72,06-JUN-10,30016
303,"Ramonda","Voisey","F",16-MAY-83,20-SEP-10,30016
301,"Cobb","Pendrich","M",10-SEP-72,29-MAY-09,30016
489,"Elinor","Vaadeland","F",26-NOV-79,13-AUG-09,30026
485,"Gretal","Spinney","F",20-MAY-74,23-DEC-11,30026
566,"Greggory","Brownsell","M",06-JUL-82,21-AUG-12,3001
557,"Gleda","Lidgertwood","F",31-MAY-76,03-JUL-11,3001
569,"Hartley","Osmond","M",22-AUG-78,15-JUN-09,3001
194,"Edik","Maase","M",01-JUL-82,27-AUG-10,30017
345,"Calla","Bjorkan","F",24-JUL-75,08-JUL-09,30019
337,"Brit","Wennington","M",20-SEP-72,07-NOV-09,30019
627,"Deanna","Houtbie","F",31-JUL-78,10-MAR-12,30018
613,"Sylvia","Doudney","F",06-MAY-70,01-JUN-10,30018
235,"Tamiko","Ditch","F",18-MAY-76,31-MAY-12,3002
386,"Belita","Chilton","F",04-FEB-83,30-JUN-12,30013
525,"Alistair","Barca","M",15-SEP-81,04-SEP-12,3003
124,"Iona","Dominichelli","F",22-APR-80,25-AUG-12,30010
691,"Estevan","Scrivener","M",23-JAN-75,22-MAR-10,3004
253,"Douglas","Gladman","M",26-SEP-85,23-DEC-12,30020
245,"Simone","Ducroe","M",16-MAY-73,12-JUN-10,30020
261,"Thedric","Tuft","M",19-NOV-85,29-JUN-09,30020
251,"Alberik","Alcock","M",03-JUN-80,13-MAY-09,30020
839,"Eberhard","MacMenemy","M",26-AUG-73,15-MAY-11,3007
892,"Cheston","Jachimak","M",07-FEB-82,13-OCT-12,3007
896,"Stacey","Adamini","F",28-OCT-74,13-OCT-12,3007
814,"Weston","Haggata","M",24-JUN-74,22-JAN-09,3007
17,"Lovell","Baythorp","M",05-JUL-75,19-FEB-10,30023
97,"Gram","Schneidau","M",04-FEB-70,22-MAY-09,3008
110,"Stanislas","Finder","M",11-AUG-70,06-OCT-09,3008
23,"Elizabet","Munslow","F",05-JUL-79,13-MAY-12,30023
405,"Benyamin","Langham","M",14-NOV-77,22-NOV-11,30014
408,"Carley","Droghan","F",24-JAN-81,10-JUL-11,30014
399,"Poul","Izhakov","M",13-FEB-84,06-APR-11,30014
642,"Sherwynd","Smalecombe","M",15-AUG-70,28-AUG-12,30025
637,"Asher","Marquand","M",01-MAR-78,11-JAN-12,30025
317,"Fredrick","Mc-Kerley","M",20-NOV-83,17-DEC-11,30016
500,"Gae","Sibbert","F",16-MAR-76,06-JAN-12,30026
568,"Faun","Durrett","F",02-OCT-78,29-AUG-11,3001
542,"Yehudit","Dance","M",20-APR-75,09-NOV-10,3001
173,"Carlie","Drable","F",28-JUN-82,31-JUL-09,3005
612,"Alika","Tassaker","F",14-OCT-84,06-SEP-09,30018
630,"Corene","Bezant","F",03-JAN-79,15-MAY-09,30018
758,"Aimil","Matyukon","F",25-OCT-79,06-OCT-11,3006
368,"Ab","Willock","M",22-OCT-76,01-OCT-12,30013
385,"Faythe","Iglesiaz","F",21-MAY-78,11-FEB-09,30013
538,"Rad","Ruppertz","M",13-JUL-84,08-OCT-11,3003
539,"Keslie","Barthel","F",07-MAR-84,29-APR-11,3003
522,"Lionel","Cousans","M",21-SEP-80,01-SEP-11,3003
468,"Karole","Havoc","F",02-JAN-83,15-JUN-10,30015
716,"Quintana","Everall","F",24-JUN-73,04-OCT-09,3004
680,"Friedrich","Dreinan","M",06-FEB-83,16-JAN-09,30022
264,"Kimble","Carren","M",17-NOV-75,07-APR-11,30020
835,"Teresina","Guiton","F",18-JUL-85,16-SEP-09,3007
851,"Hasheem","Curness","M",30-MAY-79,18-MAY-11,3007
78,"Anthe","Wethered","F",29-JAN-85,19-OCT-10,30011
67,"","Hriinchenko","F",03-NOV-77,09-FEB-10,30011
450,"Octavia","Seabrooke","F",26-OCT-77,25-AUG-10,3000
443,"Maurits","Form","M",09-APR-71,22-OCT-09,3000
314,"Gregor","Bark","M",30-AUG-80,13-OCT-10,30016
482,"Cheslie","Eastwell","F",16-APR-71,05-AUG-12,30026
507,"Larissa","Janak","F",02-DEC-83,26-APR-10,30026
801,"Silva","Gammett","F",12-DEC-75,12-MAR-12,30012
787,"Rock","Parsonage","M",02-OCT-74,06-NOV-10,30012
805,"Averyl","Patinkin","F",13-JUL-80,01-DEC-10,30012
196,"Flore","Lago","F",12-MAR-71,27-MAR-10,30017
187,"Mikkel","Hammerstone","M",15-DEC-74,25-JAN-09,30017
181,"Mariana","Smallbone","F",11-MAR-72,20-JUN-09,30017
346,"Ami","Neathway","F",28-DEC-82,05-AUG-11,30019
608,"Royal","Blaksland","M",09-AUG-81,08-FEB-10,30018
769,"Bradney","Armytage","M",30-MAY-72,07-FEB-11,3006
752,"Berni","Lacey","F",15-JUN-83,23-JUN-11,3006
224,"Filmer","Woodley","M",12-JUN-82,11-MAY-09,3002
369,"Hyman","Hann","M",13-MAR-71,07-MAY-10,30013
388,"Celinka","Boughtwood","F",17-AUG-79,27-FEB-10,30013
122,"Debora","Vany","F",02-JUL-76,26-SEP-09,30010
479,"Vilma","Valler","F",17-JAN-80,25-MAR-09,30015
471,"Robena","Shirtliff","F",11-FEB-82,20-AUG-12,30015
665,"Geri","Crumbie","M",01-MAY-82,15-JAN-09,30022
252,"Bryna","Chedzoy","F",16-AUG-76,27-SEP-11,30020
262,"Papageno","Scatcher","M",07-SEP-80,21-SEP-11,30020
894,"Arney","Erskine","M",30-APR-72,10-DEC-10,3007
833,"Ahmad","Impy","M",14-FEB-74,20-MAR-11,3007
864,"Fleming","Bassam","M",21-JAN-72,24-OCT-11,3007
74,"Benyamin","Fetherston","M",15-FEB-77,19-FEB-10,30011
81,"Ana","Gavrieli","F",05-JUN-85,12-JAN-10,30011
422,"Inigo","Dohms","M",05-MAR-84,05-JAN-11,3000
442,"Dody","Markie","F",21-APR-70,19-JUN-09,3000
14,"Josey","Slorance","F",29-NOV-76,09-OCT-11,30023
27,"Isiahi","Jiggins","M",19-JAN-71,02-MAR-12,30023
3,"","Hayth","M",16-MAR-83,28-SEP-11,30023
573,"Janek","MacCague","M",08-APR-83,07-MAR-11,30024
661,"Elizabeth","Gayton","F",17-JUN-70,24-FEB-09,30022
647,"Melanie","Fairbrace","F",06-AUG-77,03-JUN-09,30025
330,"Laney","MacGorman","M",19-JAN-73,02-JAN-12,30016
305,"Tuckie","Beazleigh","M",05-APR-71,02-NOV-10,30016
325,"Desmund","Pulsford","M",15-MAY-73,06-JUL-11,30016
806,"Kamila","Sproat","F",08-OCT-85,09-APR-09,30012
192,"Krissie","Robinet","F",20-APR-74,22-AUG-11,30017
601,"Wain","Blatherwick","M",07-SEP-79,15-NOV-10,30018
775,"Sorcha","Skivington","F",18-OCT-77,15-MAR-11,3006
389,"Winni","Crellin","F",17-JAN-84,09-FEB-10,30013
141,"Florella","Ashdown","F",08-FEB-84,30-JUN-11,30010
142,"Chiarra","Normanville","F",11-JUL-74,24-APR-11,30010
704,"Armand","Mallan","M",08-OCT-79,07-APR-11,3004
700,"Frasier","Dronsfield","M",08-AUG-79,29-JAN-12,3004
694,"Mart","Himsworth","M",26-JUL-70,17-JUN-12,3004
65,"Waylin","Surgood","M",27-JUN-80,03-JUL-11,30011
89,"Skye","Cunde","M",06-MAR-80,30-APR-12,30011
83,"Em","Vakhlov","F",09-NOV-72,13-MAY-09,30011
115,"Lenora","Clunan","F",06-MAR-76,25-AUG-12,3008
589,"Ingar","Grollmann","M",25-NOV-78,05-JUL-09,30024
393,"Marv","Braund","M",28-DEC-79,25-JAN-11,30014
659,"Nichole","Cantillion","M",01-DEC-80,24-NOV-11,30025
494,"Orren","Alleyn","M",23-FEB-71,14-APR-12,30026
495,"Sonia","Tressler","F",29-NOV-70,20-APR-11,30026
276,"Sergei","Buckner","M",15-MAR-76,03-JAN-12,3009
550,"Ase","Robbel","M",25-JUL-78,12-MAR-09,3001
552,"Royce","Odgaard","M",20-MAY-82,14-APR-10,3001
157,"Graham","Sprowles","M",20-APR-71,03-APR-10,3005
189,"Janey","Gosse","F",17-DEC-80,19-DEC-10,30017
342,"Husain","Lange","M",27-JUL-84,12-SEP-12,30019
344,"Quill","Wootton","M",12-MAR-78,14-OCT-11,30019
335,"Karel","Awton","F",05-NOV-73,28-MAR-10,30019
347,"Harmonie","Foss","F",09-OCT-70,05-NOV-11,30019
610,"Sada","Mustin","F",20-MAY-75,01-JUL-10,30018
606,"Enriqueta","Arendsen","F",22-SEP-78,01-AUG-09,30018
767,"Veradis","Mullane","F",15-NOV-76,24-APR-09,3006
755,"Kacey","Sale","F",25-JUN-80,10-FEB-12,3006
216,"Finlay","Glasspoole","M",17-MAR-70,02-JUN-09,3002
215,"Erwin","Cake","M",08-JAN-80,07-MAY-11,3002
366,"Randie","Gerding","M",22-MAY-82,22-NOV-12,30013
390,"Raul","Blunsum","M",11-OCT-75,30-MAR-10,30013
527,"Janice","Tabart","F",09-SEP-79,19-JUL-12,3003
520,"Madalena","Pirolini","F",21-JUL-75,09-MAR-10,3003
517,"Aridatha","Lemonnier","F",07-AUG-78,14-JUN-12,3003
513,"Marlena","Coon","F",11-AUG-85,13-JUN-09,3003
135,"Geri","Dewi","M",28-DEC-80,05-MAY-10,30010
717,"Amble","Agott","M",30-DEC-78,07-OCT-09,3004
699,"Cherianne","Morstatt","F",02-AUG-81,16-JAN-11,3004
667,"Valina","Veighey","F",13-SEP-71,30-AUG-12,30022
662,"Lion","Willshire","M",14-JAN-78,27-AUG-10,30022
679,"Galvan","Ubsdell","M",11-JAN-81,06-JAN-11,30022
664,"Myrilla","Briat","F",11-SEP-74,04-NOV-10,30022
250,"Romola","Mawditt","F",26-APR-80,30-MAR-09,30020
268,"Nicolea","Kemster","F",06-FEB-78,02-NOV-09,30020
257,"Jessie","Bischof","F",27-OCT-73,03-APR-11,30020
887,"Lottie","Kelsow","F",13-AUG-75,31-AUG-09,3007
867,"Arnoldo","More","M",06-JUN-73,31-AUG-10,3007
826,"Ritchie","Laidlaw","M",12-JUN-70,22-SEP-11,3007
13,"Lynn","Busch","M",27-MAY-79,16-JUN-09,30023
5,"Jen","Cisson","F",22-MAR-73,22-APR-12,30023
587,"Jeannie","Sammons","F",04-AUG-76,11-MAY-12,30024
417,"Vic","Rembrant","M",31-MAY-79,27-NOV-09,30014
391,"Cam","Barson","M",11-DEC-73,15-AUG-12,30014
272,"Godfry","Kidston","M",24-MAR-80,06-NOV-09,3009
165,"Aurie","Gludor","F",26-AUG-72,01-JUL-11,3005
782,"Othilie","Geraghty","F",02-AUG-73,08-SEP-10,30012
191,"Klaus","Albers","M",08-MAY-82,29-OCT-10,30017
180,"Phylys","Heinzler","F",11-DEC-79,13-JUN-09,3005
620,"Rich","Crux","M",08-JAN-73,16-APR-10,30018
779,"Perkin","Callan","M",01-OCT-75,21-AUG-12,3006
757,"Guntar","Rihosek","M",13-OCT-83,07-MAY-09,3006
756,"Kayne","Halden","M",06-JUL-72,31-JUL-11,3006
211,"Joshuah","Blofield","M",12-OCT-82,19-JAN-10,3002
239,"Mark","Olivey","M",26-MAR-78,28-NOV-10,3002
373,"Kinna","Caslane","F",07-DEC-76,16-JAN-09,30013
367,"Ambrosius","Chastey","M",,27-JUN-12,30013
524,"Billy","Mattei","M",18-APR-78,02-AUG-10,3003
132,"Amelita","Ceschini","F",11-MAR-74,09-AUG-12,30010
70,"Ardis","Hedney","F",26-MAR-81,04-APR-09,30011
95,"Jude","Winchcomb","M",13-JAN-79,19-MAR-12,3008
105,"Rhodie","Wickson","F",05-SEP-74,28-MAY-09,3008
687,"Ofilia","Hutt","F",26-AUG-83,17-JUL-09,30022
394,"Peggi","Nassey","F",21-FEB-77,06-SEP-10,30014
496,"Tabbie","Geach","M",20-MAR-75,07-MAR-12,30026
510,"Annette","Hugo","F",30-MAY-81,09-JAN-11,30026
281,"Amargo","Starbuck","F",03-MAY-76,10-AUG-12,3009
279,"Cherilynn","Reynalds","F",16-SEP-85,28-MAR-10,3009
152,"Merola","De Michele","F",01-MAY-75,01-FEB-10,3005
155,"Hugibert","Till","M",05-SEP-80,09-JUN-09,3005
808,"Rowan","Prettjohn","M",02-APR-76,25-JUL-10,30012
185,"Skip","Broadhead","M",10-APR-71,06-APR-12,30017
353,"Etan","Coultish","M",,07-AUG-11,30019
238,"Kirsteni","Belson","F",08-JUN-74,18-MAR-09,3002
374,"Bonny","Dittson","F",19-AUG-79,03-MAR-10,30013
521,"Davey","Twitty","M",28-JUL-80,13-JAN-12,3003
532,"Dawn","Bragginton","F",01-AUG-85,23-FEB-12,3003
461,"Lilli","Pionter","F",06-MAR-79,22-OCT-11,30015
674,"Abbot","Heaviside","M",16-MAY-81,08-NOV-11,30022
256,"Niko","Gwynne","M",29-JUN-83,18-AUG-10,30020
868,"Lambert","Pipet","M",10-MAY-73,15-JUL-10,3007
872,"Nicky","Spooner","F",25-OCT-74,25-OCT-10,3007
823,"Estella","Bennike","F",07-MAR-79,28-SEP-09,3007
831,"Thoma","Simacek","M",12-FEB-75,16-AUG-10,3007
838,"Gianina","Gambles","F",26-APR-70,18-DEC-09,3007
875,"Caesar","Kauschke","M",07-AUG-83,13-FEB-12,3007
85,"Clea","Heselwood","F",30-MAR-82,23-JUL-11,30011
436,"Leopold","Vickerman","M",25-DEC-71,27-JUL-11,3000
583,"Mar","Hamlett","M",26-MAY-82,27-MAR-11,30024
54,"Biron","Moggle","M",15-JAN-78,05-DEC-09,30027
398,"Louella","Chorlton","F",06-AUG-76,03-MAR-11,30014
651,"Nappie","Ramsell","M",07-OCT-78,12-FEB-09,30025
304,"Callean","Grafom","M",24-DEC-83,23-AUG-10,30016
327,"Betty","Bolesworth","F",27-AUG-72,09-NOV-09,30016
311,"Sloane","Kaye","M",15-JUL-84,24-JUN-09,30016
308,"Sharlene","Klimsch","F",17-SEP-70,26-SEP-12,30016
493,"Brew","Rosebotham","M",13-MAY-80,03-OCT-12,30026
278,"Jozef","Theobold","M",21-MAR-80,02-JAN-12,3009
547,"Cully","Brasse","M",29-JUN-71,10-JUL-09,3001
171,"Mollee","Northleigh","F",09-JUL-74,12-MAR-12,3005
799,"Ernestus","Pitrasso","M",24-NOV-82,25-AUG-09,30012
793,"Bastian","Scullard","M",24-OCT-73,01-FEB-11,30012
783,"Aylmar","Sabater","M",11-MAY-70,20-JUN-10,30012
188,"Delcina","Critchley","F",04-NOV-82,20-MAR-10,30017
206,"Denna","Kepe","F",01-JAN-71,18-MAY-10,30017
201,"Natasha","McAlinden","F",05-JAN-84,10-FEB-12,30017
772,"Drusi","McNabb","F",31-JUL-83,17-MAY-10,3006
227,"Ginger","Iorillo","F",30-AUG-70,09-SEP-11,3002
523,"Emmye","McKinnell","F",11-OCT-82,05-AUG-12,3003
528,"Verna","Mellings","F",30-APR-72,06-MAR-09,3003
535,"Jonell","Gosswell","F",16-NOV-82,03-JUN-09,3003
469,"Daphne","Sheerin","F",13-AUG-75,29-JUN-10,30015
470,"Krystle","Brinkman","F",02-SEP-75,08-JUL-09,30015
711,"Winnie","Cursons","M",21-JUN-72,30-DEC-09,3004
686,"Margy","Duffyn","F",01-MAY-72,21-MAR-12,30022
845,"Emilia","Vidler","F",19-DEC-71,17-DEC-09,3007
861,"Rosmunda","Lacroutz","F",26-MAY-76,08-JAN-12,3007
87,"Forrest","Todman","M",05-SEP-77,14-MAR-09,30011
80,"Pamelina","Yukhtin","F",30-MAY-80,21-NOV-10,30011
580,"Vincenz","Toleman","M",26-NOV-80,21-MAR-09,30024
36,"Clementius","Pettegree","M",05-JUN-80,27-DEC-10,30027
410,"Cletus","Bosma","M",20-MAR-72,08-JUN-11,30014
306,"Bax","Aberkirder","M",11-FEB-82,15-OCT-09,30016
320,"Pet","Kelcher","F",15-FEB-80,06-JUL-09,30016
487,"Justis","Camacke","M",05-MAY-77,14-DEC-10,30026
503,"Margit","Linnard","F",22-FEB-70,19-MAY-09,30026
285,"Burlie","Weakley","M",24-NOV-83,04-AUG-09,3009
553,"Vittoria","Jonas","F",12-MAY-83,30-MAY-12,3001
570,"Bekki","Armiger","F",16-MAR-77,09-MAR-10,3001
168,"Jaimie","Lory","F",30-SEP-82,02-NOV-11,3005
791,"Rance","Rogister","M",03-AUG-72,27-APR-11,30012
190,"Glen","Todeo","M",30-SEP-73,30-AUG-11,30017
210,"Wenonah","Missen","F",28-MAY-79,17-NOV-11,30017
338,"Francine","Beckham","F",19-APR-76,28-MAR-10,30019
628,"Lammond","Rapport","M",26-JUN-83,28-OCT-09,30018
231,"Phyllida","Garlic","F",26-JAN-76,05-MAY-09,3002
234,"Louis","Tomini","M",11-FEB-85,14-AUG-09,3002
381,"Viki","Le Marquand","F",21-DEC-70,14-JAN-11,30013
375,"Mozes","Hrishanok","M",05-MAR-78,19-FEB-11,30013
512,"Jewell","McLevie","F",30-AUG-70,30-SEP-10,3003
458,"Domenic","Butler-Bowdon","M",15-APR-70,06-MAY-10,30015
701,"Lorianne","Eaden","F",28-OCT-79,03-APR-10,3004
270,"Kirk","Greenalf","M",19-APR-83,13-DEC-11,30020
114,"Rickie","Dominick","F",30-MAR-73,07-JUL-10,3008
596,"Kirstin","Bloxland","F",15-OCT-70,02-JUN-09,30024
586,"Tabb","Marchiso","M",16-OCT-80,29-JAN-09,30024
598,"Sonja","Liggons","F",16-JUL-71,09-FEB-11,30024
40,"Sadie","Fursland","F",31-MAR-78,10-JUL-11,30027
653,"Karilynn","Palia","F",08-FEB-85,30-MAR-11,30025
284,"Marillin","Yeowell","F",01-NOV-78,25-APR-11,3009
286,"Luigi","Berget","M",14-MAR-72,28-NOV-09,3009
562,"Wynny","Baber","F",24-SEP-74,04-NOV-09,3001
809,"Devlin","Stirling","M",03-SEP-77,09-SEP-11,30012
800,"","Lillford","F",14-JAN-85,20-SEP-12,30012
182,"Vonni","Valero","F",22-JUL-76,31-DEC-09,30017
217,"Marsh","Schonfelder","M",06-JUL-77,25-JAN-12,3002
534,"Kilian","Hischke","M",11-DEC-82,07-AUG-10,3003
530,"Bogart","Messum","M",17-APR-79,19-AUG-11,3003
147,"Perle","Stepney","F",18-NOV-84,22-JUL-10,30010
133,"Ulric","Pine","M",06-AUG-82,11-MAR-09,30010
148,"Stefan","Joerning","M",26-APR-82,08-SEP-12,30010
465,"Ailis","Dresser","F",23-DEC-80,05-MAY-11,30015
473,"Gabi","Tweedle","M",04-JAN-83,23-JUN-11,30015
709,"Theodoric","Joris","M",20-JAN-74,22-JAN-09,3004
888,"Isabelle","Kloss","F",13-JUL-77,13-AUG-09,3007
893,"Gwenny","Lukins","F",06-FEB-74,21-NOV-12,3007
874,"Lee","Czaple","M",19-MAY-84,31-JAN-11,3007
77,"Yoshiko","Bennion","F",07-FEB-82,20-JAN-11,30011
430,"Lonny","Galvan","M",20-DEC-83,14-JAN-11,3000
19,"Clarance","Dalgety","M",29-MAY-74,23-JAN-12,30023
591,"Craggie","Nizard","M",01-JUL-76,15-JUL-11,30024
403,"Dani","De Pero","F",18-AUG-74,02-JUL-11,30014
288,"Broddie","Cullington","M",23-JUL-74,15-APR-10,3009
556,"Garwin","Blanch","M",25-OCT-78,07-AUG-10,3001
558,"Rachael","Neave","F",23-AUG-79,18-MAR-09,3001
197,"Clem","De Ferrari","M",24-SEP-76,08-MAR-10,30017
230,"Donnie","Oppy","F",05-JUL-71,06-DEC-10,3002
379,"Robby","Castellino","M",10-AUG-84,23-SEP-10,30013
126,"Mitchell","Malloch","M",22-OCT-71,28-NOV-11,30010
129,"Ashien","Brehat","F",07-SEP-85,07-APR-10,30010
150,"Dyanne","Feek","F",24-JUL-70,12-FEB-11,30010
466,"Leonerd","Pittaway","M",29-APR-78,09-SEP-11,30015
692,"Ewen","Sutworth","M",27-DEC-76,01-APR-10,3004
684,"Muriel","Quarterman","F",05-JUN-72,30-MAY-09,30022
689,"Wilden","Vogeler","M",21-JUL-85,04-NOV-12,30022
821,"Torre","Adcocks","M",15-SEP-79,22-MAR-10,3007
857,"Dedie","Dewis","F",17-JAN-81,17-SEP-10,3007
824,"Moshe","Flello","M",05-NOV-70,11-OCT-10,3007
84,"Miguel","Tetlow","M",12-DEC-78,26-MAR-09,30011
432,"Shannen","Baselio","F",20-SEP-78,09-FEB-12,3000
12,"Doroteya","Climie","F",05-JUN-78,03-JUN-11,30023
584,"Pryce","Fairney","M",17-JAN-82,01-AUG-11,30024
592,"Tabb","Antoniak","M",30-DEC-72,11-JAN-10,30024
640,"Kizzie","Eddison","F",28-MAR-75,12-FEB-09,30025
486,"Marilin","Snoden","F",09-NOV-75,03-MAY-11,30026
545,"Rawley","Fontenot","M",04-FEB-83,03-FEB-11,3001
158,"Devlen","Guillond","M",20-NOV-80,01-FEB-11,3005
175,"Val","Beautyman","F",26-MAY-71,30-NOV-11,3005
784,"Robby","Sertin","M",01-APR-76,06-FEB-09,30012
795,"Noach","Sandever","M",05-SEP-84,28-JUL-12,30012
774,"Darby","Klimczak","F",05-JUN-81,22-JUN-10,3006
223,"Jesse","Meates","F",18-APR-80,26-JUN-12,3002
387,"Northrup","Morecomb","M",01-DEC-81,31-MAY-12,30013
371,"Skip","Cheshir","M",02-APR-74,08-MAY-09,30013
515,"Kamila","Domleo","F",04-APR-78,17-APR-11,3003
149,"Porty","Woodhams","M",19-JUL-73,24-DEC-10,30010
511,"Filmore","Asals","M",11-NOV-75,11-AUG-09,3003
456,"Lethia","Gilfoy","F",16-MAR-79,07-APR-09,30015
714,"Dalton","Canning","M",28-JUN-76,10-JAN-09,3004
673,"Kessia","Milland","F",07-SEP-75,20-SEP-12,30022
242,"Cymbre","Snasdell","F",16-AUG-71,28-MAR-09,30020
878,"Nancee","Kops","F",19-OCT-76,05-JAN-12,3007
811,"Idelle","Gluyus","F",27-NOV-70,11-JUN-10,3007
28,"Ryon","MacSweeney","M",18-MAY-73,16-APR-10,30023
109,"Helaine","Wrist","F",10-JUN-83,16-JUL-09,3008
593,"Janeva","Childrens","F",12-JUN-77,07-NOV-11,30024
576,"Noble","Abdie","M",03-MAR-71,17-AUG-11,30024
31,"Camey","Moodie","M",18-OCT-78,30-AUG-11,30027
47,"Gardy","Duesberry","M",17-JAN-71,15-APR-11,30027
44,"Cyrus","D'Onisi","M",07-APR-85,14-DEC-11,30027
51,"Silva","Di Bartolomeo","F",23-OCT-71,02-JUN-11,30027
413,"Friederike","Hexum","F",24-SEP-80,13-JUN-10,30014
636,"Gerri","Mockler","F",20-SEP-72,23-FEB-11,30025
649,"Ilario","Larmor","M",25-JAN-83,19-SEP-10,30025
491,"Kevin","Maltster","M",31-MAY-84,23-SEP-09,30026
488,"Delinda","Partener","F",07-DEC-78,20-JUN-10,30026
484,"Torin","McCrillis","M",08-DEC-82,15-JUL-10,30026
200,"Chiquita","Bruniges","F",11-MAY-73,02-DEC-10,30017
195,"Garv","Onion","M",29-DEC-72,16-DEC-12,30017
624,"Keefe","Benne","M",17-DEC-78,01-SEP-09,30018
778,"Arielle","Stollenberg","F",17-OCT-77,14-JAN-12,3006
780,"Reynard","Glencrash","M",21-NOV-80,15-AUG-10,3006
219,"Hakeem","Brigstock","M",26-MAR-75,22-FEB-12,3002
218,"Anton","Bynert","M",05-SEP-80,25-JUL-10,3002
383,"Ange","Cunningham","F",15-NOV-75,24-AUG-12,30013
384,"Torre","Frankes","M",17-JUL-83,13-MAR-09,30013
